{"cameraMode":{"drawMode":0,"name":"Shaded","section":"Shading Mode"},"sceneLighting":false,"audioPlay":false,"sceneViewState":{"m_AlwaysRefresh":false,"showFog":true,"showSkybox":false,"showFlares":true,"showImageEffects":true,"showParticleSystems":true,"showVisualEffectGraphs":true,"m_FxEnabled":true},"in2DMode":false,"pivot":{"x":-0.12597817182540894,"y":-0.8354661464691162,"z":-0.3931993842124939},"rotation":{"x":0.005302280653268099,"y":0.7335009574890137,"z":-0.6796494126319885,"w":0.005722593050450087},"size":1.522071123123169,"orthographic":false}