{"cameraMode":{"drawMode":0,"name":"Shaded","section":"Shading Mode"},"sceneLighting":false,"audioPlay":false,"sceneViewState":{"m_AlwaysRefresh":false,"showFog":true,"showSkybox":true,"showFlares":true,"showImageEffects":true,"showParticleSystems":true,"showVisualEffectGraphs":true,"m_FxEnabled":true},"in2DMode":false,"pivot":{"x":389.0117492675781,"y":246.07644653320313,"z":-0.7888431549072266},"rotation":{"x":0.04828933998942375,"y":-0.007496485020965338,"z":0.0003618258342612535,"w":0.9988075494766235},"size":404.2150573730469,"orthographic":false}