{"cameraMode":{"drawMode":0,"name":"Shaded","section":"Shading Mode"},"sceneLighting":false,"audioPlay":false,"sceneViewState":{"m_AlwaysRefresh":false,"showFog":true,"showSkybox":true,"showFlares":true,"showImageEffects":true,"showParticleSystems":true,"showVisualEffectGraphs":true,"m_FxEnabled":true},"in2DMode":false,"pivot":{"x":701.712646484375,"y":197.4991912841797,"z":-0.3875821530818939},"rotation":{"x":0.0662502646446228,"y":0.017954329028725625,"z":-0.0011919826501980425,"w":0.9976444840431213},"size":55.90169906616211,"orthographic":false}